{"cameraMode":{"drawMode":0,"name":"Shaded","section":"Shading Mode"},"sceneLighting":true,"audioPlay":false,"sceneViewState":{"showFog":true,"showMaterialUpdate":false,"showSkybox":true,"showFlares":true,"showImageEffects":true,"showParticleSystems":true},"in2DMode":false,"pivot":{"x":144.48394775390626,"y":22.181835174560548,"z":109.18577575683594},"rotation":{"x":-0.19071877002716065,"y":-0.3026778995990753,"z":0.06195417046546936,"w":-0.9317594170570374},"size":46.08967590332031,"orthographic":false}